period,macro,dim,value,n_jobs,n_companies,pct_with_salary,pct_vague,n_ral,ral_min_median,ral_max_median
post_legge,tutti,macro_sector,consulenza,539,5,91.8,0.0,495,33100.0,40800.0
post_legge,tutti,macro_sector,energia_infrastrutture,253,9,95.3,0.4,241,33800.0,35000.0
post_legge,tutti,macro_sector,moda_retail,183,7,89.1,0.0,161,23300.0,23300.0
post_legge,tutti,macro_sector,tecnologia_media,112,11,89.3,0.0,100,35200.0,44500.0
post_legge,tutti,macro_sector,finanza,253,12,89.3,0.4,225,38000.0,48000.0
post_legge,tutti,macro_sector,industria_salute,693,10,85.6,0.3,591,35000.0,45000.0
post_legge,tutti,totale,tutti,2033,54,89.4,0.2,1813,34000.0,42800.0
post_legge,tutti,region,Toscana,47,17,97.9,0.0,46,32400.0,37300.0
post_legge,tutti,region,Valle d'Aosta/Vallée d'Aoste,5,4,100.0,0.0,5,27900.0,28800.0
post_legge,tutti,region,Campania,60,15,85.0,0.0,51,32700.0,42000.0
post_legge,tutti,region,Piemonte,152,20,88.8,0.0,135,32700.0,43000.0
post_legge,tutti,region,Marche,11,6,100.0,0.0,11,27000.0,32000.0
post_legge,tutti,region,Liguria,40,8,97.5,2.5,39,36000.0,53000.0
post_legge,tutti,region,Emilia-Romagna,231,24,92.6,0.0,214,36500.0,48000.0
post_legge,tutti,region,Sicilia,28,9,89.3,0.0,25,40000.0,48000.0
post_legge,tutti,region,Sardegna,13,7,92.3,0.0,12,30100.0,33500.0
post_legge,tutti,region,Veneto,85,15,89.4,0.0,76,30000.0,35000.0
post_legge,tutti,region,Trentino-Alto Adige/Südtirol,7,3,85.7,0.0,6,37500.0,46000.0
post_legge,tutti,region,Friuli-Venezia Giulia,13,5,92.3,0.0,12,32700.0,43000.0
post_legge,tutti,region,Lombardia,912,46,87.2,0.1,791,34000.0,40800.0
post_legge,tutti,region,Puglia,27,11,81.5,0.0,22,30900.0,35300.0
post_legge,tutti,region,Abruzzo,13,4,100.0,0.0,13,32700.0,45000.0
post_legge,tutti,region,Lazio,304,27,93.4,0.3,284,34000.0,46000.0
post_legge,tutti,region,Sede non specificata,74,11,86.5,1.4,63,34000.0,40000.0
post_legge,tutti,job_function,customer_service,35,14,88.6,0.0,31,25000.0,27000.0
post_legge,tutti,job_function,strategy,34,18,91.2,0.0,30,35000.0,45000.0
post_legge,tutti,job_function,other,394,42,82.5,0.0,325,33000.0,40800.0
post_legge,tutti,job_function,project_management,83,18,91.6,0.0,76,38000.0,46000.0
post_legge,tutti,job_function,design,14,9,85.7,0.0,12,33900.0,45500.0
post_legge,tutti,job_function,legal,37,16,86.5,0.0,32,36000.0,43000.0
post_legge,tutti,job_function,engineering,447,35,93.7,0.4,419,35000.0,45300.0
post_legge,tutti,job_function,admin,15,8,86.7,0.0,12,22000.0,23500.0
post_legge,tutti,job_function,hospitality,27,5,88.9,0.0,24,22600.0,23400.0
post_legge,tutti,job_function,finance,132,34,84.8,0.8,111,35000.0,40000.0
post_legge,tutti,job_function,data,146,32,90.4,0.0,132,35100.0,48000.0
post_legge,tutti,job_function,hr,22,17,95.5,0.0,21,27000.0,30000.0
post_legge,tutti,job_function,product,41,14,90.2,0.0,37,40000.0,55000.0
post_legge,tutti,job_function,operations,253,34,91.3,0.0,231,30900.0,35000.0
post_legge,tutti,job_function,sales,102,28,94.1,1.0,96,35800.0,45000.0
post_legge,tutti,job_function,retail,66,16,93.9,0.0,61,25000.0,25100.0
post_legge,tutti,job_function,marketing,50,21,90.0,0.0,44,39000.0,44500.0
post_legge,tutti,job_function,consulting,72,9,94.4,0.0,68,34000.0,40000.0
post_legge,tutti,seniority,lead,77,17,92.2,0.0,71,38000.0,50500.0
post_legge,tutti,seniority,junior,218,32,94.5,0.5,206,29200.0,34900.0
post_legge,tutti,seniority,mid,901,50,91.6,0.2,823,32700.0,40000.0
post_legge,tutti,seniority,senior,333,38,93.4,0.3,311,36900.0,46700.0
post_legge,tutti,seniority,intern,166,28,48.2,0.0,77,9600.0,12000.0
post_legge,tutti,seniority,manager,320,45,96.9,0.0,310,42000.0,52000.0
post_legge,tutti,contract_type,determinato,103,26,94.2,0.0,97,28000.0,30900.0
post_legge,tutti,contract_type,indeterminato,114,18,100.0,0.0,114,35000.0,40500.0
post_legge,tutti,contract_type,non_indicato,452,44,95.8,0.2,433,34000.0,42000.0
post_legge,tutti,contract_type,stage,1220,53,85.7,0.2,1041,34000.0,43000.0
post_legge,tutti,contract_type,freelance,139,19,88.5,0.0,123,34000.0,40000.0
post_legge,tutti,contract_type,apprendistato,5,3,100.0,0.0,5,32000.0,32000.0
post_legge,tutti,workplace_type,remote,9,5,66.7,0.0,6,,
post_legge,tutti,workplace_type,non_indicato,1187,43,89.1,0.3,1054,34000.0,40000.0
post_legge,tutti,workplace_type,onsite,29,10,96.6,0.0,28,26000.0,31000.0
post_legge,tutti,workplace_type,hybrid,808,40,89.9,0.1,725,34000.0,43000.0
post_legge,finanza,totale,tutti,253,12,89.3,0.4,225,38000.0,48000.0
post_legge,finanza,region,Toscana,10,4,100.0,0.0,10,35600.0,35600.0
post_legge,finanza,region,Piemonte,33,3,87.9,0.0,29,38000.0,38000.0
post_legge,finanza,region,Emilia-Romagna,39,4,97.4,0.0,38,,
post_legge,finanza,region,Lombardia,120,11,89.2,0.0,107,42000.0,52000.0
post_legge,finanza,region,Sede non specificata,18,4,55.6,5.6,9,40000.0,50000.0
post_legge,finanza,job_function,customer_service,6,4,83.3,0.0,5,30000.0,30000.0
post_legge,finanza,job_function,project_management,8,3,100.0,0.0,8,42500.0,52500.0
post_legge,finanza,job_function,other,36,6,86.1,0.0,31,40000.0,48000.0
post_legge,finanza,job_function,engineering,35,9,94.3,0.0,33,45000.0,53000.0
post_legge,finanza,job_function,legal,6,4,83.3,0.0,5,32000.0,35000.0
post_legge,finanza,job_function,data,31,10,87.1,0.0,27,45000.0,55000.0
post_legge,finanza,job_function,finance,24,9,83.3,0.0,19,38000.0,48000.0
post_legge,finanza,job_function,product,17,5,76.5,0.0,13,,
post_legge,finanza,job_function,marketing,7,5,100.0,0.0,7,39000.0,50000.0
post_legge,finanza,job_function,operations,8,4,87.5,0.0,7,32000.0,36000.0
post_legge,finanza,job_function,sales,24,8,91.7,4.2,22,36300.0,43500.0
post_legge,finanza,seniority,lead,8,6,87.5,0.0,7,55000.0,66500.0
post_legge,finanza,seniority,junior,26,5,100.0,0.0,26,35000.0,35600.0
post_legge,finanza,seniority,mid,117,11,92.3,0.9,108,38000.0,45000.0
post_legge,finanza,seniority,manager,40,9,92.5,0.0,37,45000.0,55000.0
post_legge,finanza,seniority,intern,15,3,46.7,0.0,6,9600.0,9600.0
post_legge,finanza,seniority,senior,41,9,85.4,0.0,35,45000.0,56000.0
post_legge,finanza,contract_type,non_indicato,76,10,90.8,0.0,69,45000.0,55000.0
post_legge,finanza,contract_type,stage,105,11,84.8,1.0,88,39000.0,48000.0
post_legge,finanza,contract_type,freelance,10,5,80.0,0.0,8,40000.0,47500.0
post_legge,finanza,workplace_type,non_indicato,139,8,89.2,0.0,123,,
post_legge,finanza,workplace_type,hybrid,108,10,89.8,0.9,97,45000.0,55000.0
post_legge,consulenza,totale,tutti,539,5,91.8,0.0,495,33100.0,40800.0
post_legge,consulenza,region,Toscana,6,3,100.0,0.0,6,27200.0,27200.0
post_legge,consulenza,region,Campania,7,3,85.7,0.0,6,28900.0,36300.0
post_legge,consulenza,region,Piemonte,24,4,95.8,0.0,23,33100.0,42800.0
post_legge,consulenza,region,Emilia-Romagna,26,5,100.0,0.0,26,30500.0,40000.0
post_legge,consulenza,region,Veneto,23,4,91.3,0.0,21,32000.0,40800.0
post_legge,consulenza,region,Lombardia,268,5,87.7,0.0,235,33100.0,40800.0
post_legge,consulenza,region,Lazio,124,5,96.8,0.0,120,34000.0,43000.0
post_legge,consulenza,job_function,strategy,14,5,92.9,0.0,13,32000.0,43000.0
post_legge,consulenza,job_function,other,71,5,80.3,0.0,57,33100.0,42000.0
post_legge,consulenza,job_function,engineering,167,5,96.4,0.0,161,33100.0,42000.0
post_legge,consulenza,job_function,hr,7,4,100.0,0.0,7,26500.0,30000.0
post_legge,consulenza,job_function,finance,45,4,77.8,0.0,35,31000.0,38000.0
post_legge,consulenza,job_function,data,68,5,97.1,0.0,66,33100.0,46700.0
post_legge,consulenza,job_function,sales,21,5,95.2,0.0,20,44000.0,51000.0
post_legge,consulenza,job_function,consulting,65,4,93.8,0.0,61,34000.0,40000.0
post_legge,consulenza,job_function,operations,16,5,100.0,0.0,16,33000.0,42000.0
post_legge,consulenza,job_function,marketing,15,4,80.0,0.0,12,30000.0,39500.0
post_legge,consulenza,seniority,lead,49,5,95.9,0.0,47,38000.0,46000.0
post_legge,consulenza,seniority,junior,70,5,92.9,0.0,65,28000.0,33000.0
post_legge,consulenza,seniority,mid,156,5,94.2,0.0,147,32000.0,40800.0
post_legge,consulenza,seniority,senior,154,5,95.5,0.0,147,34000.0,40000.0
post_legge,consulenza,seniority,manager,68,5,100.0,0.0,68,43000.0,52000.0
post_legge,consulenza,contract_type,non_indicato,153,5,98.7,0.0,151,34000.0,45300.0
post_legge,consulenza,contract_type,stage,285,5,86.3,0.0,246,33000.0,40400.0
post_legge,consulenza,workplace_type,non_indicato,167,5,91.6,0.0,153,34000.0,41500.0
post_legge,consulenza,workplace_type,hybrid,358,5,91.9,0.0,329,33100.0,40800.0
post_legge,tecnologia_media,totale,tutti,112,11,89.3,0.0,100,35200.0,44500.0
post_legge,tecnologia_media,region,Emilia-Romagna,9,4,88.9,0.0,8,30500.0,30500.0
post_legge,tecnologia_media,region,Lombardia,74,9,90.5,0.0,67,35200.0,45000.0
post_legge,tecnologia_media,region,Lazio,11,4,81.8,0.0,9,35200.0,45000.0
post_legge,tecnologia_media,job_function,other,19,7,52.6,0.0,10,32800.0,34200.0
post_legge,tecnologia_media,job_function,engineering,21,5,95.2,0.0,20,42600.0,53400.0
post_legge,tecnologia_media,job_function,admin,8,3,75.0,0.0,6,,
post_legge,tecnologia_media,job_function,finance,6,3,100.0,0.0,6,33500.0,35500.0
post_legge,tecnologia_media,job_function,sales,29,4,100.0,0.0,29,35200.0,44000.0
post_legge,tecnologia_media,job_function,operations,6,4,100.0,0.0,6,31500.0,40500.0
post_legge,tecnologia_media,seniority,junior,10,5,100.0,0.0,10,32100.0,37600.0
post_legge,tecnologia_media,seniority,mid,39,8,89.7,0.0,35,31500.0,36000.0
post_legge,tecnologia_media,seniority,manager,26,7,100.0,0.0,26,40000.0,45000.0
post_legge,tecnologia_media,seniority,intern,16,3,68.8,0.0,11,,
post_legge,tecnologia_media,seniority,senior,16,4,93.8,0.0,15,45000.0,63000.0
post_legge,tecnologia_media,contract_type,determinato,6,3,100.0,0.0,6,35200.0,44000.0
post_legge,tecnologia_media,contract_type,non_indicato,46,8,89.1,0.0,41,35200.0,45000.0
post_legge,tecnologia_media,contract_type,stage,51,11,86.3,0.0,44,33600.0,38000.0
post_legge,tecnologia_media,workplace_type,non_indicato,49,6,89.8,0.0,44,38000.0,51000.0
post_legge,tecnologia_media,workplace_type,hybrid,57,8,91.2,0.0,52,30000.0,37000.0
post_legge,energia_infrastrutture,totale,tutti,253,9,95.3,0.4,241,33800.0,35000.0
post_legge,energia_infrastrutture,region,Piemonte,21,5,95.2,0.0,20,31000.0,34000.0
post_legge,energia_infrastrutture,region,Emilia-Romagna,24,5,91.7,0.0,22,35000.0,38500.0
post_legge,energia_infrastrutture,region,Veneto,33,3,90.9,0.0,30,30000.0,33900.0
post_legge,energia_infrastrutture,region,Lombardia,118,8,94.9,0.8,112,35000.0,37000.0
post_legge,energia_infrastrutture,region,Lazio,28,6,100.0,0.0,28,38000.0,45500.0
post_legge,energia_infrastrutture,region,Sede non specificata,5,3,100.0,0.0,5,25000.0,30000.0
post_legge,energia_infrastrutture,job_function,project_management,9,3,88.9,0.0,8,41000.0,45500.0
post_legge,energia_infrastrutture,job_function,other,40,8,95.0,0.0,38,40000.0,40000.0
post_legge,energia_infrastrutture,job_function,engineering,20,5,95.0,5.0,19,42000.0,46000.0
post_legge,energia_infrastrutture,job_function,legal,5,3,100.0,0.0,5,37000.0,38500.0
post_legge,energia_infrastrutture,job_function,data,12,7,83.3,0.0,10,42000.0,47500.0
post_legge,energia_infrastrutture,job_function,finance,7,4,100.0,0.0,7,33800.0,35000.0
post_legge,energia_infrastrutture,job_function,operations,125,6,96.0,0.0,120,30400.0,34000.0
post_legge,energia_infrastrutture,job_function,retail,12,5,100.0,0.0,12,28000.0,29200.0
post_legge,energia_infrastrutture,job_function,sales,6,4,83.3,0.0,5,42000.0,45000.0
post_legge,energia_infrastrutture,seniority,junior,35,5,100.0,0.0,35,30000.0,32000.0
post_legge,energia_infrastrutture,seniority,mid,152,9,98.7,0.0,150,31000.0,35000.0
post_legge,energia_infrastrutture,seniority,intern,16,4,43.8,0.0,7,,
post_legge,energia_infrastrutture,seniority,senior,28,7,96.4,3.6,27,45000.0,47000.0
post_legge,energia_infrastrutture,seniority,manager,19,8,100.0,0.0,19,42000.0,46000.0
post_legge,energia_infrastrutture,contract_type,determinato,31,5,100.0,0.0,31,27900.0,30900.0
post_legge,energia_infrastrutture,contract_type,indeterminato,35,4,100.0,0.0,35,30900.0,35000.0
post_legge,energia_infrastrutture,contract_type,non_indicato,84,9,96.4,1.2,81,33800.0,35000.0
post_legge,energia_infrastrutture,contract_type,stage,85,9,89.4,0.0,76,38200.0,40000.0
post_legge,energia_infrastrutture,contract_type,freelance,18,6,100.0,0.0,18,35500.0,40000.0
post_legge,energia_infrastrutture,workplace_type,non_indicato,189,7,95.2,0.5,180,30900.0,35000.0
post_legge,energia_infrastrutture,workplace_type,onsite,12,3,100.0,0.0,12,26000.0,30000.0
post_legge,energia_infrastrutture,workplace_type,hybrid,52,8,94.2,0.0,49,39000.0,45000.0
post_legge,industria_salute,totale,tutti,693,10,85.6,0.3,591,35000.0,45000.0
post_legge,industria_salute,region,Campania,37,4,78.4,0.0,29,32700.0,43000.0
post_legge,industria_salute,region,Emilia-Romagna,120,4,89.2,0.0,107,40000.0,55000.0
post_legge,industria_salute,region,Sicilia,14,3,85.7,0.0,12,,
post_legge,industria_salute,region,Lombardia,244,7,80.3,0.0,194,34000.0,43000.0
post_legge,industria_salute,region,Puglia,11,4,54.5,0.0,6,34000.0,47500.0
post_legge,industria_salute,job_function,strategy,10,6,80.0,0.0,7,42000.0,55000.0
post_legge,industria_salute,job_function,other,143,10,81.1,0.0,116,35000.0,44500.0
post_legge,industria_salute,job_function,project_management,37,6,86.5,0.0,32,36500.0,50500.0
post_legge,industria_salute,job_function,design,6,3,66.7,0.0,4,,
post_legge,industria_salute,job_function,engineering,202,10,91.1,0.5,184,35000.0,47000.0
post_legge,industria_salute,job_function,legal,23,6,87.0,0.0,20,39500.0,44500.0
post_legge,industria_salute,job_function,finance,44,10,88.6,2.3,39,36000.0,48000.0
post_legge,industria_salute,job_function,hr,5,4,100.0,0.0,5,40000.0,75000.0
post_legge,industria_salute,job_function,product,16,5,100.0,0.0,16,38000.0,53000.0
post_legge,industria_salute,job_function,data,30,6,80.0,0.0,24,35600.0,50500.0
post_legge,industria_salute,job_function,operations,87,10,82.8,0.0,72,32700.0,40000.0
post_legge,industria_salute,job_function,marketing,15,7,86.7,0.0,12,50000.0,61500.0
post_legge,industria_salute,job_function,sales,20,6,90.0,0.0,18,33500.0,45000.0
post_legge,industria_salute,seniority,junior,56,7,94.6,1.8,53,32700.0,43000.0
post_legge,industria_salute,seniority,mid,322,10,85.7,0.3,276,32700.0,43000.0
post_legge,industria_salute,seniority,intern,64,9,46.9,0.0,28,12000.0,12000.0
post_legge,industria_salute,seniority,senior,86,9,91.9,0.0,79,43000.0,56000.0
post_legge,industria_salute,seniority,manager,145,10,95.9,0.0,139,40000.0,59000.0
post_legge,industria_salute,contract_type,determinato,17,6,100.0,0.0,17,24000.0,24000.0
post_legge,industria_salute,contract_type,non_indicato,39,7,97.4,0.0,38,39500.0,45000.0
post_legge,industria_salute,contract_type,stage,585,10,85.0,0.3,495,35000.0,46000.0
post_legge,moda_retail,totale,tutti,183,7,89.1,0.0,161,23300.0,23300.0
post_legge,moda_retail,region,Veneto,17,3,88.2,0.0,15,23300.0,23300.0
post_legge,moda_retail,region,Lombardia,88,6,88.6,0.0,76,25100.0,25100.0
post_legge,moda_retail,region,Lazio,20,6,75.0,0.0,15,25000.0,26000.0
post_legge,moda_retail,job_function,finance,6,4,83.3,0.0,5,35000.0,40000.0
post_legge,moda_retail,job_function,retail,47,6,91.5,0.0,42,23300.0,25100.0
post_legge,moda_retail,job_function,operations,11,5,90.9,0.0,10,25100.0,25100.0
post_legge,moda_retail,seniority,junior,21,5,81.0,0.0,17,26000.0,28000.0
post_legge,moda_retail,seniority,mid,115,7,94.8,0.0,107,23300.0,23300.0
post_legge,moda_retail,seniority,intern,15,4,40.0,0.0,6,8400.0,8400.0
post_legge,moda_retail,seniority,manager,22,6,95.5,0.0,21,33000.0,38000.0
post_legge,moda_retail,contract_type,non_indicato,54,5,98.1,0.0,53,23300.0,25000.0
post_legge,moda_retail,contract_type,stage,109,7,86.2,0.0,92,23300.0,23300.0
tutti,tutti,macro_sector,consulenza,723,5,83.1,0.0,601,33100.0,40000.0
tutti,tutti,macro_sector,moda_retail,188,8,86.7,0.0,161,23300.0,23300.0
tutti,tutti,macro_sector,energia_infrastrutture,277,9,93.5,0.4,259,33800.0,35000.0
tutti,tutti,macro_sector,tecnologia_media,128,11,90.6,0.0,116,35000.0,43500.0
tutti,tutti,macro_sector,finanza,351,13,79.8,0.6,279,40000.0,48000.0
tutti,tutti,macro_sector,industria_salute,776,10,85.4,0.4,661,34000.0,44000.0
tutti,tutti,totale,tutti,2443,56,85.2,0.2,2077,34000.0,43000.0
tutti,tutti,region,Toscana,50,17,98.0,0.0,49,32700.0,40000.0
tutti,tutti,region,Valle d'Aosta/Vallée d'Aoste,9,5,55.6,0.0,5,27900.0,28800.0
tutti,tutti,region,Campania,74,15,87.8,0.0,65,32700.0,43000.0
tutti,tutti,region,Piemonte,188,21,88.3,0.5,166,32700.0,43000.0
tutti,tutti,region,Liguria,44,8,93.2,2.3,41,36000.0,53000.0
tutti,tutti,region,Marche,17,6,88.2,0.0,15,25000.0,30000.0
tutti,tutti,region,Emilia-Romagna,253,26,89.7,0.0,227,36000.0,46000.0
tutti,tutti,region,Sardegna,14,8,92.9,0.0,13,28000.0,33000.0
tutti,tutti,region,Sicilia,30,9,86.7,0.0,26,40000.0,44000.0
tutti,tutti,region,Veneto,101,17,86.1,0.0,87,30000.0,35000.0
tutti,tutti,region,Trentino-Alto Adige/Südtirol,7,3,85.7,0.0,6,37500.0,46000.0
tutti,tutti,region,Friuli-Venezia Giulia,13,5,92.3,0.0,12,32700.0,43000.0
tutti,tutti,region,Lombardia,1083,46,83.0,0.1,895,34000.0,42000.0
tutti,tutti,region,Abruzzo,15,4,100.0,0.0,15,32000.0,43000.0
tutti,tutti,region,Puglia,33,13,75.8,0.0,25,29000.0,35600.0
tutti,tutti,region,Lazio,389,27,89.2,0.3,347,34000.0,46000.0
tutti,tutti,region,Sede non specificata,107,13,66.4,1.9,70,34000.0,38500.0
tutti,tutti,job_function,customer_service,45,16,86.7,0.0,39,24000.0,27000.0
tutti,tutti,job_function,strategy,37,18,89.2,0.0,32,34000.0,44500.0
tutti,tutti,job_function,other,453,44,77.5,0.0,351,32700.0,42000.0
tutti,tutti,job_function,project_management,99,18,89.9,0.0,89,36000.0,46000.0
tutti,tutti,job_function,design,20,9,85.0,0.0,17,32700.0,43000.0
tutti,tutti,job_function,engineering,572,35,88.6,0.3,507,34000.0,45000.0
tutti,tutti,job_function,legal,41,18,80.5,2.4,33,35000.0,43000.0
tutti,tutti,job_function,admin,18,9,77.8,0.0,13,23000.0,24000.0
tutti,tutti,job_function,finance,148,36,81.8,0.7,120,35000.0,40000.0
tutti,tutti,job_function,data,212,32,82.5,0.0,175,35000.0,48000.0
tutti,tutti,job_function,product,44,15,86.4,0.0,38,40000.0,53500.0
tutti,tutti,job_function,hr,24,17,91.7,0.0,22,27000.0,30000.0
tutti,tutti,job_function,operations,267,36,89.9,0.0,240,31000.0,35000.0
tutti,tutti,job_function,marketing,58,23,79.3,0.0,45,39000.0,44000.0
tutti,tutti,job_function,retail,67,17,92.5,0.0,61,25000.0,25100.0
tutti,tutti,job_function,sales,124,30,90.3,1.6,112,35200.0,44000.0
tutti,tutti,job_function,consulting,104,10,91.3,0.0,95,,
tutti,tutti,seniority,lead,103,17,83.5,0.0,86,38000.0,50500.0
tutti,tutti,seniority,junior,257,34,89.9,0.4,231,30000.0,35000.0
tutti,tutti,seniority,mid,1120,51,86.9,0.4,971,32700.0,40000.0
tutti,tutti,seniority,intern,184,33,44.6,0.0,79,12000.0,12000.0
tutti,tutti,seniority,senior,403,39,89.6,0.2,361,36000.0,46700.0
tutti,tutti,seniority,manager,357,46,93.3,0.0,333,42000.0,52000.0
tutti,tutti,contract_type,determinato,123,26,87.0,0.0,107,28800.0,30900.0
tutti,tutti,contract_type,indeterminato,133,18,99.2,0.0,132,35000.0,40000.0
tutti,tutti,contract_type,non_indicato,578,44,89.6,0.2,518,34000.0,42000.0
tutti,tutti,contract_type,stage,1415,55,82.9,0.4,1168,34000.0,43000.0
tutti,tutti,contract_type,freelance,187,21,78.6,0.0,147,34000.0,40000.0
tutti,tutti,contract_type,apprendistato,7,4,71.4,0.0,5,32000.0,32000.0
tutti,tutti,workplace_type,remote,36,5,86.1,0.0,31,,
tutti,tutti,workplace_type,non_indicato,1327,47,84.8,0.2,1121,34000.0,40000.0
tutti,tutti,workplace_type,onsite,46,10,89.1,0.0,41,25000.0,28000.0
tutti,tutti,workplace_type,hybrid,1034,40,85.6,0.3,884,34000.0,43000.0
tutti,finanza,totale,tutti,351,13,79.8,0.6,279,40000.0,48000.0
tutti,finanza,region,Toscana,10,4,100.0,0.0,10,35600.0,35600.0
tutti,finanza,region,Piemonte,34,3,85.3,0.0,29,38000.0,38000.0
tutti,finanza,region,Emilia-Romagna,50,5,90.0,0.0,45,40000.0,50000.0
tutti,finanza,region,Lombardia,190,11,78.4,0.0,149,45000.0,54000.0
tutti,finanza,region,Sede non specificata,28,5,39.3,7.1,10,39000.0,48000.0
tutti,finanza,job_function,customer_service,9,6,66.7,0.0,6,29000.0,29000.0
tutti,finanza,job_function,project_management,9,3,88.9,0.0,8,42500.0,52500.0
tutti,finanza,job_function,other,52,7,73.1,0.0,38,39000.0,45000.0
tutti,finanza,job_function,engineering,56,9,92.9,0.0,52,45000.0,54000.0
tutti,finanza,job_function,legal,8,6,62.5,0.0,5,32000.0,35000.0
tutti,finanza,job_function,data,48,10,83.3,0.0,40,46500.0,62500.0
tutti,finanza,job_function,product,20,6,70.0,0.0,14,,
tutti,finanza,job_function,finance,27,9,74.1,0.0,19,38000.0,48000.0
tutti,finanza,job_function,sales,33,9,75.8,6.1,25,37000.0,44000.0
tutti,finanza,job_function,marketing,10,6,70.0,0.0,7,39000.0,50000.0
tutti,finanza,job_function,operations,10,5,70.0,0.0,7,32000.0,36000.0
tutti,finanza,seniority,lead,12,6,66.7,0.0,8,55000.0,66500.0
tutti,finanza,seniority,junior,32,7,93.8,0.0,30,35000.0,35600.0
tutti,finanza,seniority,mid,171,11,83.0,1.2,142,38000.0,45000.0
tutti,finanza,seniority,intern,22,7,36.4,0.0,7,9600.0,9600.0
tutti,finanza,seniority,senior,55,10,80.0,0.0,44,50000.0,62000.0
tutti,finanza,seniority,manager,53,9,79.2,0.0,42,45000.0,55000.0
tutti,finanza,contract_type,non_indicato,123,10,84.6,0.0,104,45000.0,58000.0
tutti,finanza,contract_type,stage,133,12,73.7,1.5,97,39000.0,48000.0
tutti,finanza,contract_type,freelance,12,6,66.7,0.0,8,40000.0,47500.0
tutti,finanza,workplace_type,non_indicato,175,10,75.4,0.0,131,,
tutti,finanza,workplace_type,hybrid,144,10,82.6,1.4,119,45000.0,54000.0
tutti,consulenza,totale,tutti,723,5,83.1,0.0,601,33100.0,40000.0
tutti,consulenza,region,Toscana,9,3,100.0,0.0,9,31000.0,40000.0
tutti,consulenza,region,Campania,7,3,85.7,0.0,6,28900.0,36300.0
tutti,consulenza,region,Piemonte,24,4,95.8,0.0,23,33100.0,42800.0
tutti,consulenza,region,Emilia-Romagna,36,5,88.9,0.0,32,30000.0,38000.0
tutti,consulenza,region,Veneto,36,4,83.3,0.0,30,31000.0,39000.0
tutti,consulenza,region,Lombardia,351,5,80.9,0.0,284,33100.0,40800.0
tutti,consulenza,region,Lazio,172,5,86.6,0.0,149,34000.0,42000.0
tutti,consulenza,job_function,strategy,16,5,87.5,0.0,14,32500.0,41500.0
tutti,consulenza,job_function,other,86,5,68.6,0.0,59,32000.0,42000.0
tutti,consulenza,job_function,engineering,234,5,83.3,0.0,195,33100.0,42000.0
tutti,consulenza,job_function,finance,48,5,77.1,0.0,37,31000.0,38000.0
tutti,consulenza,job_function,hr,8,4,87.5,0.0,7,26500.0,30000.0
tutti,consulenza,job_function,data,115,5,81.7,0.0,94,34000.0,48000.0
tutti,consulenza,job_function,operations,18,5,100.0,0.0,18,32500.0,40000.0
tutti,consulenza,job_function,sales,21,5,95.2,0.0,20,44000.0,51000.0
tutti,consulenza,job_function,marketing,16,4,81.2,0.0,13,28000.0,36000.0
tutti,consulenza,seniority,lead,63,5,84.1,0.0,53,38000.0,46000.0
tutti,consulenza,seniority,junior,96,5,82.3,0.0,79,28000.0,33000.0
tutti,consulenza,seniority,mid,240,5,79.6,0.0,191,32000.0,40800.0
tutti,consulenza,seniority,manager,78,5,97.4,0.0,76,43000.0,52000.0
tutti,consulenza,seniority,senior,203,5,89.2,0.0,181,34000.0,40000.0
tutti,consulenza,contract_type,non_indicato,209,5,88.5,0.0,185,34000.0,46000.0
tutti,consulenza,contract_type,stage,353,5,79.3,0.0,280,33000.0,40400.0
tutti,consulenza,workplace_type,non_indicato,234,5,79.5,0.0,186,34000.0,40000.0
tutti,consulenza,workplace_type,hybrid,474,5,84.8,0.0,402,33100.0,40000.0
tutti,tecnologia_media,totale,tutti,128,11,90.6,0.0,116,35000.0,43500.0
tutti,tecnologia_media,region,Emilia-Romagna,9,4,88.9,0.0,8,30500.0,30500.0
tutti,tecnologia_media,region,Lombardia,76,9,90.8,0.0,69,35200.0,44000.0
tutti,tecnologia_media,region,Lazio,15,4,86.7,0.0,13,30000.0,44000.0
tutti,tecnologia_media,job_function,other,20,7,55.0,0.0,11,34200.0,34200.0
tutti,tecnologia_media,job_function,engineering,21,5,95.2,0.0,20,42600.0,53400.0
tutti,tecnologia_media,job_function,admin,8,3,75.0,0.0,6,,
tutti,tecnologia_media,job_function,finance,6,3,100.0,0.0,6,33500.0,35500.0
tutti,tecnologia_media,job_function,sales,38,4,100.0,0.0,38,30000.0,44000.0
tutti,tecnologia_media,job_function,operations,6,4,100.0,0.0,6,31500.0,40500.0
tutti,tecnologia_media,seniority,junior,10,5,100.0,0.0,10,32100.0,37600.0
tutti,tecnologia_media,seniority,mid,55,9,92.7,0.0,51,30000.0,33000.0
tutti,tecnologia_media,seniority,senior,16,4,93.8,0.0,15,45000.0,63000.0
tutti,tecnologia_media,seniority,manager,26,7,100.0,0.0,26,40000.0,45000.0
tutti,tecnologia_media,seniority,intern,16,3,68.8,0.0,11,,
tutti,tecnologia_media,contract_type,determinato,6,3,100.0,0.0,6,35200.0,44000.0
tutti,tecnologia_media,contract_type,non_indicato,55,8,90.9,0.0,50,34200.0,44000.0
tutti,tecnologia_media,contract_type,stage,57,11,87.7,0.0,50,32700.0,35000.0
tutti,tecnologia_media,workplace_type,non_indicato,49,6,89.8,0.0,44,38000.0,51000.0
tutti,tecnologia_media,workplace_type,hybrid,68,8,92.6,0.0,63,26000.0,33700.0
tutti,energia_infrastrutture,totale,tutti,277,9,93.5,0.4,259,33800.0,35000.0
tutti,energia_infrastrutture,region,Piemonte,21,5,95.2,0.0,20,31000.0,34000.0
tutti,energia_infrastrutture,region,Emilia-Romagna,25,6,88.0,0.0,22,35000.0,38500.0
tutti,energia_infrastrutture,region,Veneto,34,4,91.2,0.0,31,30000.0,33800.0
tutti,energia_infrastrutture,region,Lombardia,120,8,94.2,0.8,113,35000.0,37000.0
tutti,energia_infrastrutture,region,Lazio,39,6,97.4,0.0,38,38000.0,46000.0
tutti,energia_infrastrutture,region,Sede non specificata,6,3,83.3,0.0,5,25000.0,30000.0
tutti,energia_infrastrutture,job_function,other,45,9,84.4,0.0,38,40000.0,40000.0
tutti,energia_infrastrutture,job_function,project_management,13,3,92.3,0.0,12,40000.0,46000.0
tutti,energia_infrastrutture,job_function,engineering,20,5,95.0,5.0,19,42000.0,46000.0
tutti,energia_infrastrutture,job_function,legal,5,3,100.0,0.0,5,37000.0,38500.0
tutti,energia_infrastrutture,job_function,data,13,7,84.6,0.0,11,42000.0,46000.0
tutti,energia_infrastrutture,job_function,finance,9,4,100.0,0.0,9,33800.0,33800.0
tutti,energia_infrastrutture,job_function,operations,129,7,95.3,0.0,123,30700.0,34000.0
tutti,energia_infrastrutture,job_function,sales,10,5,90.0,0.0,9,39000.0,43000.0
tutti,energia_infrastrutture,job_function,retail,12,5,100.0,0.0,12,28000.0,29200.0
tutti,energia_infrastrutture,seniority,junior,35,5,100.0,0.0,35,30000.0,32000.0
tutti,energia_infrastrutture,seniority,mid,170,9,95.9,0.0,163,30900.0,35000.0
tutti,energia_infrastrutture,seniority,senior,28,7,96.4,3.6,27,45000.0,47000.0
tutti,energia_infrastrutture,seniority,manager,25,8,96.0,0.0,24,42000.0,46000.0
tutti,energia_infrastrutture,seniority,intern,16,4,43.8,0.0,7,,
tutti,energia_infrastrutture,contract_type,determinato,31,5,100.0,0.0,31,27900.0,30900.0
tutti,energia_infrastrutture,contract_type,indeterminato,38,4,100.0,0.0,38,30900.0,37500.0
tutti,energia_infrastrutture,contract_type,non_indicato,96,9,91.7,1.0,88,33800.0,34400.0
tutti,energia_infrastrutture,contract_type,stage,94,9,89.4,0.0,84,38000.0,40000.0
tutti,energia_infrastrutture,contract_type,freelance,18,6,100.0,0.0,18,35500.0,40000.0
tutti,energia_infrastrutture,workplace_type,non_indicato,192,8,93.8,0.5,180,30900.0,35000.0
tutti,industria_salute,totale,tutti,776,10,85.4,0.4,661,34000.0,44000.0
tutti,industria_salute,region,Emilia-Romagna,120,4,89.2,0.0,107,40000.0,55000.0
tutti,industria_salute,region,Sicilia,14,3,85.7,0.0,12,,
tutti,industria_salute,region,Lombardia,258,7,79.8,0.0,204,32700.0,43000.0
tutti,industria_salute,region,Puglia,11,4,54.5,0.0,6,34000.0,47500.0
tutti,industria_salute,job_function,strategy,11,6,81.8,0.0,8,41000.0,51500.0
tutti,industria_salute,job_function,project_management,38,6,86.8,0.0,33,36000.0,50000.0
tutti,industria_salute,job_function,other,164,10,80.5,0.0,132,34100.0,43600.0
tutti,industria_salute,job_function,legal,25,6,84.0,4.0,21,39000.0,44000.0
tutti,industria_salute,job_function,engineering,239,10,91.6,0.4,219,34000.0,45000.0
tutti,industria_salute,job_function,product,16,5,100.0,0.0,16,38000.0,53000.0
tutti,industria_salute,job_function,finance,50,10,88.0,2.0,44,35600.0,49000.0
tutti,industria_salute,job_function,hr,5,4,100.0,0.0,5,40000.0,75000.0
tutti,industria_salute,job_function,data,31,6,80.6,0.0,25,35100.0,50000.0
tutti,industria_salute,job_function,sales,20,6,90.0,0.0,18,33500.0,45000.0
tutti,industria_salute,job_function,operations,93,10,81.7,0.0,76,32700.0,41000.0
tutti,industria_salute,job_function,marketing,17,7,76.5,0.0,12,50000.0,61500.0
tutti,industria_salute,seniority,junior,63,7,95.2,1.6,60,32700.0,43000.0
tutti,industria_salute,seniority,mid,368,10,86.1,0.5,317,32700.0,43000.0
tutti,industria_salute,seniority,intern,73,9,42.5,0.0,29,12000.0,12000.0
tutti,industria_salute,seniority,senior,93,9,92.5,0.0,86,41000.0,56000.0
tutti,industria_salute,seniority,manager,150,10,96.0,0.0,144,40000.0,58500.0
tutti,industria_salute,contract_type,determinato,17,6,100.0,0.0,17,24000.0,24000.0
tutti,industria_salute,contract_type,non_indicato,40,7,95.0,0.0,38,39500.0,45000.0
tutti,industria_salute,contract_type,stage,667,10,85.0,0.4,565,34000.0,45000.0
tutti,moda_retail,totale,tutti,188,8,86.7,0.0,161,23300.0,23300.0
tutti,moda_retail,region,Veneto,17,3,88.2,0.0,15,23300.0,23300.0
tutti,moda_retail,region,Lombardia,88,6,88.6,0.0,76,25100.0,25100.0
tutti,moda_retail,region,Lazio,20,6,75.0,0.0,15,25000.0,26000.0
tutti,moda_retail,job_function,finance,8,5,62.5,0.0,5,35000.0,40000.0
tutti,moda_retail,job_function,operations,11,5,90.9,0.0,10,25100.0,25100.0
tutti,moda_retail,job_function,retail,47,6,91.5,0.0,42,23300.0,25100.0
tutti,moda_retail,job_function,marketing,6,3,66.7,0.0,4,,
tutti,moda_retail,seniority,junior,21,5,81.0,0.0,17,26000.0,28000.0
tutti,moda_retail,seniority,mid,116,7,94.0,0.0,107,23300.0,23300.0
tutti,moda_retail,seniority,intern,16,5,37.5,0.0,6,8400.0,8400.0
tutti,moda_retail,seniority,manager,25,7,84.0,0.0,21,33000.0,38000.0
tutti,moda_retail,contract_type,determinato,13,5,69.2,0.0,9,30000.0,30000.0
tutti,moda_retail,contract_type,non_indicato,55,5,96.4,0.0,53,23300.0,25000.0
tutti,moda_retail,contract_type,stage,111,8,84.7,0.0,92,23300.0,23300.0
tutti,tutti,posting_period,post_legge,2033,54,89.4,0.2,1813,34000.0,42800.0
tutti,tutti,posting_period,pre_legge,256,23,71.5,0.8,183,32700.0,43000.0
tutti,tutti,posting_period,storico,154,14,52.6,0.0,81,34000.0,48000.0
tutti,finanza,posting_period,post_legge,253,12,89.3,0.4,225,38000.0,48000.0
tutti,finanza,posting_period,pre_legge,60,9,55.0,1.7,33,40000.0,48000.0
tutti,finanza,posting_period,storico,38,5,55.3,0.0,21,,
tutti,consulenza,posting_period,post_legge,539,5,91.8,0.0,495,33100.0,40800.0
tutti,energia_infrastrutture,posting_period,post_legge,253,9,95.3,0.4,241,33800.0,35000.0
tutti,energia_infrastrutture,posting_period,pre_legge,13,4,92.3,0.0,12,36500.0,42500.0
tutti,energia_infrastrutture,posting_period,storico,11,3,54.5,0.0,6,,
tutti,industria_salute,posting_period,post_legge,693,10,85.6,0.3,591,35000.0,45000.0
tutti,moda_retail,posting_period,post_legge,183,7,89.1,0.0,161,23300.0,23300.0
